price,bedrooms,bathrooms,sqft_living,sqft_lot,floors,view,condition,grade,sqft_above,sqft_basement,yr_built,yr_renovated,preco_area_construida,zipcode,zscore,class,sqft_living_discretizado,sqft_lot_discretizado,bedrooms_discretizado,bathrooms_discretizado,floors_discretizado,view_discretizado,yr_renovated_discretizado,grade_discretizado,yr_built_discretizado
322500,4,2.75,2060,6659,1.0,0,3,7,1280,780,1981,0,156.5533981,98058,-0.5388994911680351,0,1,1,2,2,0,1,1,0,1
309000,3,1.0,1280,9656,1.0,0,4,6,920,360,1959,0,241.40625,98058,1.573115454531612,2,0,1,0,0,0,1,1,0,0
290000,3,1.0,1210,33919,1.0,0,3,7,1210,0,1954,0,239.6694215,98058,1.5298852310567412,2,0,1,0,0,0,1,1,0,0
375000,3,2.5,2340,10005,1.0,0,4,8,1460,880,1978,0,160.2564103,98058,-0.4467303190614214,1,1,1,0,2,0,1,1,1,1
205000,3,1.0,1610,8579,1.0,0,4,7,1010,600,1962,0,127.3291925,98058,-1.2662994267192802,0,0,1,0,0,0,1,1,0,0
215000,3,1.0,1180,7669,1.0,0,4,7,1180,0,1967,0,182.2033898,98058,0.09953710364807704,1,0,1,0,0,0,1,1,0,0
166950,3,1.0,1190,8820,1.0,0,3,6,1190,0,1959,0,140.2941176,98058,-0.9435982449918047,0,0,1,0,0,0,1,1,0,0
455000,4,2.5,3360,7685,2.0,0,3,9,3360,0,2001,0,135.4166667,98058,-1.0649995764385816,0,2,1,2,2,2,1,1,2,2
450000,3,2.0,2290,16258,1.0,0,5,8,2290,0,1960,0,196.5065502,98058,0.4555473951011017,1,1,1,0,1,0,1,1,1,0
305000,4,2.25,1950,7700,1.0,0,3,8,1350,600,1979,0,156.4102564,98058,-0.5424623344076371,0,1,1,2,1,0,1,1,1,1
252350,3,2.0,1650,7352,1.0,0,3,7,1160,490,1979,0,152.9393939,98058,-0.6288532253479623,0,0,1,0,1,0,1,1,0,1
269900,4,1.75,1530,8750,1.5,0,4,7,1530,0,1968,0,176.4052288,98058,-0.04478100016774531,1,0,1,2,0,1,1,1,0,0
380000,3,2.5,2280,10255,2.0,0,4,8,2280,0,1985,0,166.6666667,98058,-0.2871769626400937,1,1,1,0,2,2,1,1,1,1
365000,3,2.5,2200,4052,2.0,0,3,8,2200,0,2005,0,165.9090909,98058,-0.3060332694851014,1,1,1,0,2,2,1,1,1,2
288000,3,1.0,1190,7560,1.0,0,5,6,1190,0,1958,0,242.0168067,98058,1.5883124083961295,2,0,1,0,0,0,1,1,0,0
358000,3,2.25,1610,6655,2.0,0,4,7,1610,0,1985,0,222.3602484,98058,1.0990543106301018,2,0,1,0,1,2,1,1,0,1
315000,4,2.75,2300,18360,1.0,0,4,7,1560,740,1979,0,136.9565217,98058,-1.0266720871275203,0,1,1,2,2,0,1,1,0,1
263500,3,1.75,1330,9917,1.0,0,3,7,1040,290,1981,0,198.1203008,98058,0.4957141698118499,1,0,1,0,0,0,1,1,0,1
385000,3,1.75,1800,18000,1.0,0,3,8,1200,600,1968,0,213.8888889,98058,0.8881994309911697,2,1,1,0,0,0,1,1,1,0
359900,4,2.25,2470,7698,2.0,0,3,8,2470,0,1983,0,145.708502,98058,-0.808832464956036,0,2,1,2,1,2,1,1,1,1
320000,3,1.5,1650,9380,1.0,0,5,7,1130,520,1978,0,193.9393939,98058,0.3916500439556537,1,0,1,0,0,0,1,1,0,1
365000,4,2.25,2070,8893,2.0,0,4,8,2070,0,1986,0,176.3285024,98058,-0.04669074509559677,1,1,1,2,1,2,1,1,1,1
429900,4,2.5,2640,8625,2.0,0,3,8,2640,0,1987,0,162.8409091,98058,-0.38240130747821954,1,2,1,2,2,2,1,1,1,2
350000,3,2.25,1780,16290,2.0,0,4,8,1780,0,1987,0,196.6292135,98058,0.45860052433704246,1,1,1,0,1,2,1,1,1,2
300000,3,2.0,1480,6698,1.0,0,4,7,1080,400,1979,0,202.7027027,98058,0.609771636158511,2,0,1,0,1,0,1,1,0,1
290000,5,1.5,2120,7700,1.5,0,5,7,2120,0,1962,0,136.7924528,98058,-1.0307558151480334,0,1,1,2,0,1,1,1,0,0
390000,4,3.0,2570,262018,1.0,0,3,7,1420,1150,1988,0,151.7509728,98058,-0.658433411149411,0,2,2,2,2,0,1,1,0,2
270000,3,2.0,1560,8853,1.0,0,3,7,1560,0,1967,0,173.0769231,98058,-0.12762360621876667,1,0,1,0,1,0,1,1,0,0
500000,3,2.75,3410,9360,1.5,0,4,8,3410,0,1967,0,146.627566,98058,-0.7859566645487372,0,2,1,0,2,1,1,1,1,0
225500,4,2.0,1440,7950,1.0,0,5,6,1440,0,1962,0,156.5972222,98058,-0.5378086951357356,0,0,1,2,1,0,1,1,0,0
334950,3,2.5,1620,2930,2.0,0,3,8,1620,0,2002,0,206.7592593,98058,0.7107406428027832,2,0,1,0,2,2,1,1,1,2
460000,4,2.5,4190,7504,2.0,0,3,7,4190,0,2004,0,109.7852029,98058,-1.7029750058272959,0,2,1,2,2,2,1,1,0,2
317000,3,2.0,1760,11410,1.0,0,5,7,1060,700,1977,0,180.1136364,98058,0.04752246519104402,1,1,1,0,1,0,1,1,0,1
590000,3,2.5,2400,99752,1.0,0,3,9,2400,0,1996,0,245.8333333,98058,1.6833069906567202,2,1,2,0,2,0,1,1,2,2
270000,3,1.0,1240,14110,1.0,0,4,7,1240,0,1972,0,217.7419355,98058,0.9841030078711497,2,0,1,0,0,0,1,1,0,1
364808,3,1.75,2320,7875,1.0,0,3,8,1620,700,1967,0,157.2448276,98058,-0.5216895871377191,0,1,1,0,0,0,1,1,1,0
320000,3,2.25,1580,6561,1.0,0,3,8,1200,380,1981,0,202.5316456,98058,0.6055139695783255,2,0,1,0,1,0,1,1,1,1
350000,3,2.25,2470,10290,2.0,0,3,8,2230,240,1984,0,141.7004049,98058,-0.9085952989618008,0,2,1,0,1,2,1,1,1,1
255000,3,1.0,1180,13650,1.0,0,4,7,1180,0,1967,0,216.1016949,98058,0.943276888487137,2,0,1,0,0,0,1,1,0,0
435000,4,2.25,2730,7506,2.0,0,4,8,2730,0,1987,0,159.3406593,98058,-0.46952365782649597,1,2,1,2,1,2,1,1,1,2
360000,3,2.0,1970,79714,1.0,0,3,7,1070,900,1979,0,182.7411168,98058,0.1129213027088774,1,1,2,0,1,0,1,1,0,1
390000,3,1.75,1320,7725,1.0,0,3,8,1320,0,1978,0,295.4545455,98058,2.9183950218008294,2,0,1,0,0,0,1,1,1,1
365000,4,2.25,1990,21312,1.0,0,4,8,1990,0,1968,0,183.4170854,98058,0.12974637993440405,1,1,1,2,1,0,1,1,1,0
150000,2,1.0,1100,7200,1.0,0,4,6,1100,0,1944,0,136.3636364,98058,-1.041429194126839,0,0,1,0,0,0,1,1,0,0
299000,4,2.5,1820,7575,1.0,0,3,7,1220,600,1975,0,164.2857143,98058,-0.34643963845122305,1,1,1,2,2,0,1,1,0,1
602500,2,2.5,3090,47044,1.0,0,4,10,2250,840,1979,0,194.9838188,98058,0.4176461177359488,1,2,1,0,2,0,1,1,2,1
180500,3,1.5,1540,9800,1.0,0,3,7,1010,530,1973,0,117.2077922,98058,-1.518224355891978,0,0,1,0,0,0,1,1,0,1
339000,3,2.25,2090,10120,1.0,0,4,7,1290,800,1979,0,162.2009569,98058,-0.3983299248513427,1,1,1,0,1,0,1,1,0,1
390000,4,1.75,2330,8364,1.0,0,4,8,2330,0,1968,0,167.3819742,98058,-0.26937272746186464,1,1,1,2,0,0,1,1,1,0
327500,3,2.25,1770,8755,1.0,0,3,8,1330,440,1981,0,185.0282486,98058,0.16984875342176253,1,1,1,0,1,0,1,1,1,1
279000,4,2.25,2090,8941,2.0,0,3,7,2090,0,1975,0,133.492823,98058,-1.1128846687673422,0,1,1,2,1,2,1,1,0,1
330000,5,2.5,2600,3839,2.0,0,3,7,2600,0,2005,0,126.9230769,98058,-1.2764077754391634,0,2,1,2,2,2,1,1,0,2
380000,3,2.0,1840,8580,1.0,0,3,8,1840,0,1990,0,206.5217391,98058,0.704828688153377,2,1,1,0,1,0,1,1,1,2
353500,4,2.25,1760,9602,2.0,0,3,7,1760,0,1987,0,200.8522727,98058,0.5637138345824744,2,1,1,2,1,2,1,1,0,2
449500,4,3.0,2580,7299,2.0,0,3,8,2580,0,1998,0,174.2248062,98058,-0.0990524243570991,1,2,1,2,2,2,1,1,1,2
390000,4,2.25,1770,33132,1.0,0,4,8,1190,580,1965,0,220.3389831,98058,1.0487443631476645,2,1,1,2,1,0,1,1,1,0
302000,4,1.75,1530,17664,1.5,0,3,7,1530,0,1968,0,197.3856209,98058,0.47742774932790705,1,0,1,2,0,1,1,1,0,0
485000,3,2.5,3110,9015,2.0,0,3,9,3110,0,1990,0,155.9485531,98058,-0.5539542789710098,0,2,1,0,2,2,1,1,2,2
507000,3,1.75,2140,40098,1.0,0,5,8,1490,650,1950,0,236.9158879,98058,1.4613488885948547,2,1,1,0,0,0,1,1,1,0
272000,4,2.5,1870,5692,2.0,0,3,7,1870,0,2004,0,145.4545455,98058,-0.8151535244319121,0,1,1,2,2,2,1,1,0,2
307000,3,2.0,1790,7259,1.0,0,3,7,1390,400,1980,0,171.5083799,98058,-0.16666515411252153,1,1,1,0,1,0,1,1,0,1
270000,3,2.25,2390,7000,1.0,0,4,7,1990,400,1970,0,112.9707113,98058,-1.6236866707884146,0,1,1,0,1,0,1,1,0,0
535000,4,2.25,2810,12607,2.0,0,3,10,2810,0,1985,0,190.3914591,98058,0.30334079852452983,1,2,1,2,1,2,1,1,2,1
265000,3,1.75,2050,10519,1.0,0,3,7,1240,810,1979,0,129.2682927,98058,-1.2180345951678833,0,1,1,0,0,0,1,1,0,1
328000,4,2.5,1990,3980,2.0,0,3,7,1990,0,2002,0,164.8241206,98058,-0.3330385313935729,1,1,1,2,2,2,1,1,0,2
371000,3,2.5,2150,8361,2.0,0,3,8,2150,0,1991,0,172.5581395,98058,-0.14053629792269537,1,1,1,0,2,2,1,1,1,2
280000,3,1.75,1590,7280,1.0,0,3,7,1140,450,1974,0,176.1006289,98058,-0.05236259025992956,1,0,1,0,0,0,1,1,0,1
360000,2,2.0,1770,7607,1.0,0,4,8,1770,0,1987,0,203.3898305,98058,0.626874469483618,2,1,1,0,1,0,1,1,1,2
340500,3,1.75,1810,10463,1.0,0,4,7,1810,0,1969,0,188.121547,98058,0.24684195171765583,1,1,1,0,0,0,1,1,0,0
347500,4,2.75,2290,7000,2.0,0,3,8,2290,0,1977,0,151.7467249,98058,-0.6585391427552079,0,1,1,2,2,2,1,1,1,1
230000,2,1.0,950,7560,1.0,0,3,6,950,0,1958,0,242.1052632,98058,1.5905141193093286,2,0,1,0,0,0,1,1,0,0
273000,3,1.75,2050,9045,2.0,0,4,6,2050,0,1959,0,133.1707317,98058,-1.1209016254664699,0,1,1,0,0,2,1,1,0,0
278500,4,1.0,1540,8400,1.0,0,3,7,770,770,1971,0,180.8441558,98058,0.06570532948347661,1,0,1,2,0,0,1,1,0,1
405000,4,2.5,2620,9359,2.0,0,3,9,2620,0,1987,0,154.5801527,98058,-0.5880142077982381,0,2,1,2,2,2,1,1,2,2
385000,4,3.0,2740,10925,1.0,0,3,8,1670,1070,1980,0,140.5109489,98058,-0.9382012437591865,0,2,1,2,2,0,1,1,1,1
145600,3,1.0,1170,7560,1.0,0,3,6,1170,0,1958,0,124.4444444,98058,-1.3381017405526316,0,0,1,0,0,0,1,1,0,0
341000,4,1.75,1920,7665,1.0,0,4,8,1500,420,1975,0,177.6041667,98058,-0.01493904781062297,1,1,1,2,0,0,1,1,1,1
1500000,4,5.5,6550,217374,1.0,0,3,11,5400,1150,2006,0,229.0076336,98058,1.2645098796281622,2,2,2,2,2,0,1,1,2,2
318500,4,2.0,1780,7350,1.0,0,5,7,900,880,1974,0,178.9325843,98058,0.018125696184510143,1,1,1,2,1,0,1,1,0,1
425000,4,2.5,2460,5440,2.0,0,3,9,2460,0,2003,0,172.7642276,98058,-0.13540669841502323,1,2,1,2,2,2,1,1,2,2
390000,4,1.75,2700,7875,1.5,0,4,8,2700,0,1968,0,144.4444444,98058,-0.840295267721599,0,2,1,2,0,1,1,1,1,0
199000,3,1.0,1390,21262,1.0,0,3,7,1390,0,1958,0,143.1654676,98058,-0.8721294142036353,0,0,1,0,0,0,1,1,0,0
790000,4,3.0,3120,157875,2.0,0,4,8,3120,0,1977,0,253.2051282,98058,1.8667933515368595,2,2,2,2,2,2,1,1,1,1
150000,2,1.0,720,212137,1.0,0,3,5,720,0,1982,0,208.3333333,98058,0.7499198540985348,2,0,2,0,0,0,1,1,0,1
328950,4,1.75,2550,8976,1.0,0,5,7,1300,1250,1978,0,129.0,98058,-1.2247124873015487,0,2,1,2,0,0,1,1,0,1
310000,3,1.75,1840,10723,1.0,0,4,7,1220,620,1974,0,168.4782609,98058,-0.24208579669493588,1,1,1,0,0,0,1,1,0,1
300000,4,3.0,2200,10800,1.0,0,3,6,2200,0,1960,0,136.3636364,98058,-1.041429194126839,0,1,1,2,2,0,1,1,0,0
770000,3,2.75,2070,54557,2.0,0,3,8,2070,0,1996,0,371.9806763,98058,4.823155184448541,2,1,2,0,2,2,1,1,1,2
270000,5,1.5,1930,7480,2.0,0,3,7,1930,0,1966,0,139.8963731,98058,-0.9534982343234515,0,1,1,2,0,2,1,1,0,0
570000,6,3.75,4000,6015,2.0,2,3,10,3080,920,2004,0,142.5,98058,-0.8886931181406019,0,2,1,2,2,2,2,1,2,2
312500,3,1.75,1490,9493,1.0,0,4,8,1490,0,1976,0,209.7315436,98058,0.7847217609844861,2,0,1,0,0,0,1,1,1,1
169500,2,1.0,790,7450,1.0,0,4,6,790,0,1944,0,214.556962,98058,0.904827986666384,2,0,1,0,0,0,1,1,0,0
998000,4,3.25,3770,982998,2.0,0,3,10,3770,0,1992,0,264.7214854,98058,2.153439209416573,2,2,2,2,2,2,1,1,2,2
375000,4,2.25,2330,11400,1.0,0,4,8,2330,0,1974,0,160.944206,98058,-0.4296108614891537,1,1,1,2,1,0,1,1,1,1
218000,3,1.0,1140,7560,1.0,0,4,6,1140,0,1958,0,191.2280702,98058,0.32416431956564434,1,0,1,0,0,0,1,1,0,0
314950,3,1.0,1590,8470,1.0,0,4,7,1140,450,1967,0,198.081761,98058,0.49475490171676934,1,0,1,0,0,0,1,1,0,0
359950,5,2.25,2450,9432,2.0,0,3,8,2450,0,1973,0,146.9183673,98058,-0.7787185260763534,0,2,1,2,1,2,1,1,1,1
526000,4,2.25,2970,54450,2.0,0,3,8,2970,0,1983,1998,177.1043771,98058,-0.027378972707304938,1,2,2,2,1,2,1,2,1,1
405000,5,2.5,2430,4781,2.0,0,3,9,2430,0,2001,0,166.6666667,98058,-0.2871769626400937,1,2,1,2,2,2,1,1,2,2
346500,5,2.5,2020,8250,1.0,0,4,8,1430,590,1978,0,171.5346535,98058,-0.16601119570529296,1,1,1,2,2,0,1,1,1,1
415000,3,2.5,2480,8342,2.0,0,3,8,2480,0,1986,0,167.3387097,98058,-0.2704495948690544,1,2,1,0,2,2,1,1,1,1
341000,3,2.25,1750,8900,2.0,0,4,8,1750,0,1977,0,194.8571429,98058,0.41449311358736446,1,1,1,0,1,2,1,1,1,1
315000,3,1.75,1460,7884,1.0,0,3,8,1460,0,1975,0,215.7534247,98058,0.934608330494429,2,0,1,0,0,0,1,1,1,1
299950,3,1.0,1410,81021,1.0,0,3,7,1410,0,1949,1981,212.7304965,98058,0.8593666692512554,2,0,2,0,0,0,1,2,0,0
320000,4,2.75,2610,9077,1.0,0,4,8,1310,1300,1987,0,122.605364,98058,-1.3838770469114658,0,2,1,2,2,0,1,1,1,2
249950,3,1.5,1090,7698,1.0,0,5,7,1090,0,1966,0,229.3119266,98058,1.2720838308800209,2,0,1,0,0,0,1,1,0,0
315001,3,1.75,1500,10230,1.0,0,2,7,1500,0,1968,0,210.0006667,98058,0.7914203220429038,2,0,1,0,0,0,1,1,0,0
554000,3,3.5,3380,108900,2.0,0,3,9,2700,680,1999,0,163.9053254,98058,-0.3559076412818765,1,2,2,0,2,2,1,1,2,2
259950,4,1.75,1400,7920,1.0,0,3,7,1400,0,1963,0,185.6785714,98058,0.18603549838524253,1,0,1,2,0,0,1,1,0,0
263000,3,1.0,1250,7560,1.0,0,3,6,1250,0,1959,0,210.4,98058,0.8013598571207525,2,0,1,0,0,0,1,1,0,0
324000,4,1.75,2110,7208,1.0,0,3,8,1170,940,1975,0,153.5545024,98058,-0.6135429757082932,0,1,1,2,0,0,1,1,1,1
310000,3,1.75,2070,37904,1.0,0,4,7,1420,650,1973,0,149.7584541,98058,-0.7080278464542549,0,1,1,0,0,0,1,1,0,1
265000,3,1.75,1680,9769,1.0,0,3,8,1340,340,1989,0,157.7380952,98058,-0.5094119969318277,0,1,1,0,0,0,1,1,1,2
365000,3,2.5,2200,7350,1.0,0,5,8,1570,630,1988,0,165.9090909,98058,-0.3060332694851014,1,1,1,0,2,0,1,1,1,2
599000,5,2.5,2950,72309,2.0,0,3,8,2950,0,2006,0,203.0508475,98058,0.6184370729046343,2,2,2,2,2,2,1,1,1,2
475000,4,2.5,3150,5757,2.0,0,3,9,3150,0,2004,0,150.7936508,98058,-0.6822614655585886,0,2,1,2,2,2,1,1,2,2
360000,4,2.5,1950,5451,2.0,0,3,7,1950,0,2004,0,184.6153846,98058,0.15957243484181663,1,1,1,2,2,2,1,1,0,2
330000,3,1.5,1440,7875,1.0,0,4,8,1440,0,1968,0,229.1666667,98058,1.268468264956882,2,0,1,0,0,0,1,1,1,0
550000,4,2.75,3080,6731,2.0,3,3,9,3080,0,2003,0,178.5714286,98058,0.009136413926518728,1,2,1,2,2,2,2,1,2,2
435000,4,2.5,2130,10375,2.0,0,4,8,2130,0,1986,0,204.2253521,98058,0.6476708725171256,2,1,1,2,2,2,1,1,1,1
355000,3,2.25,1960,7000,1.0,0,3,8,1600,360,1980,0,181.122449,98058,0.07263213729871915,1,1,1,0,1,0,1,1,1,1
215000,3,1.0,1150,7560,1.0,0,4,6,1150,0,1958,0,186.9565217,98058,0.21784409495006016,1,0,1,0,0,0,1,1,0,0
279950,3,1.75,1530,8800,1.0,0,4,7,1040,490,1967,0,182.9738562,98058,0.11871426169901829,1,0,1,0,0,0,1,1,0,0
349900,3,2.5,2200,7278,2.0,0,3,8,2200,0,1990,0,159.0454545,98058,-0.4768714008390353,1,1,1,0,2,2,1,1,1,2
515000,5,2.5,3810,15916,1.5,0,5,8,3810,0,1967,0,135.1706037,98058,-1.071124164144793,0,2,1,2,2,1,1,1,1,0
99000,2,1.0,960,8236,1.0,0,2,6,960,0,1948,0,103.125,98058,-1.8687496115266966,0,0,1,0,0,0,1,1,0,0
195000,3,1.5,1430,7560,1.0,0,5,6,1430,0,1958,0,136.3636364,98058,-1.041429194126839,0,0,1,0,0,0,1,1,0,0
365500,4,2.5,2030,4499,2.0,0,3,8,2030,0,2003,0,180.0492611,98058,0.045920143139522175,1,1,1,2,2,2,1,1,1,2
399000,4,2.5,2870,9292,2.0,0,3,8,2540,330,1979,0,139.0243902,98058,-0.9752021709143504,0,2,1,2,2,2,1,1,1,1
785000,4,3.0,3370,100681,1.0,0,5,8,1920,1450,1977,0,232.9376855,98058,1.362330143347257,2,2,2,2,2,0,1,1,1,1
255000,3,1.5,1420,7480,1.0,0,4,7,1420,0,1963,0,179.5774648,98058,0.03417698053963575,1,0,1,0,0,0,1,1,0,0
304000,4,2.0,1810,8750,1.0,0,2,7,1110,700,1967,0,167.9558011,98058,-0.25508999020663636,1,1,1,2,1,0,1,1,0,0
426500,4,2.5,2700,6515,2.0,0,3,9,2700,0,1998,0,157.962963,98058,-0.503814964613264,0,2,1,2,2,2,1,1,2,2
345000,4,1.0,1980,7991,1.5,0,3,7,1980,0,1962,0,174.2424242,98058,-0.09861390663518227,1,1,1,2,0,1,1,1,0,0
258000,3,2.0,1390,7200,1.0,0,3,7,1390,0,1996,0,185.6115108,98058,0.1843663383476454,1,0,1,0,1,0,1,1,0,2
489000,3,2.5,2260,19821,2.0,0,3,9,2260,0,1994,0,216.3716814,98058,0.9499969398509864,2,1,1,0,2,2,1,1,2,2
349950,4,2.5,2090,5289,2.0,0,3,8,2090,0,1989,0,167.4401914,98058,-0.2679236825123597,1,1,1,2,2,2,1,1,1,2
309950,4,1.75,1450,10074,1.0,0,4,7,1450,0,1966,0,213.7586207,98058,0.8849570133329668,2,0,1,2,0,0,1,1,0,0
327500,4,1.75,1650,7800,1.0,0,3,8,1650,0,1968,0,198.4848485,98058,0.5047878800476332,2,0,1,2,0,0,1,1,1,0
235000,3,1.0,1330,45738,2.0,0,2,6,1330,0,1967,0,176.6917293,98058,-0.03764990999927925,1,0,1,0,0,2,1,1,0,0
336000,3,2.25,2760,10160,1.0,0,3,8,2760,0,1969,0,121.7391304,98058,-1.4054378815646522,0,2,1,0,1,0,1,1,1,0
285000,4,2.5,1870,8190,1.0,0,3,7,1100,770,1977,0,152.4064171,98058,-0.6421191903934008,0,1,1,2,2,0,1,1,0,1
441000,3,2.5,2740,7923,2.0,0,3,9,2740,0,1998,0,160.9489051,98058,-0.4294938993693301,1,2,1,0,2,2,1,1,2,2
272000,4,2.0,1780,19843,1.0,0,3,7,1780,0,1963,0,152.8089888,98058,-0.632099050491471,0,1,1,2,1,0,1,1,0,0
320000,3,2.25,1880,7350,1.0,0,3,8,1390,490,1984,0,170.212766,98058,-0.19891340339801458,1,1,1,0,1,0,1,1,1,1
589950,5,3.0,2790,19439,1.0,3,5,7,1500,1290,1973,0,211.4516129,98058,0.8275348425473827,2,2,1,2,2,0,2,1,0,1
300000,3,2.25,1780,10395,1.0,0,3,8,1780,0,1967,0,168.5393258,98058,-0.24056587157079712,1,1,1,0,1,0,1,1,1,0
300000,3,1.75,1810,21138,1.0,0,4,7,1240,570,1977,0,165.7458564,98058,-0.3100962290195679,1,1,1,0,0,0,1,1,0,1
175000,3,1.0,1280,7572,1.0,0,4,6,1280,0,1958,0,136.71875,98058,-1.0325903016933222,0,0,1,0,0,0,1,1,0,0
289000,3,1.5,1970,22486,1.0,0,4,6,1970,0,1968,0,146.7005076,98058,-0.7841411245178045,0,1,1,0,0,0,1,1,0,0
287000,5,1.5,1730,9230,1.0,0,3,7,1010,720,1962,0,165.8959538,98058,-0.30636025615581264,1,1,1,2,0,0,1,1,0,0
365000,3,2.5,2640,6715,2.0,0,3,8,1680,960,1991,0,138.2575758,98058,-0.9942884295033523,0,2,1,0,2,2,1,1,1,2
144000,3,1.0,1250,8314,1.0,0,3,6,1250,0,1958,0,115.2,98058,-1.5681989535549608,0,0,1,0,0,0,1,1,0,0
340000,3,2.25,1900,8125,1.0,0,3,7,1540,360,1969,0,178.9473684,98058,0.018493677218258852,1,1,1,0,1,0,1,1,0,0
410000,5,2.75,2910,16410,1.5,0,4,8,2910,0,1967,0,140.8934708,98058,-0.9286801498682051,0,2,1,2,2,1,1,1,1,0
225000,3,2.0,1400,7384,1.0,0,3,7,1150,250,1979,0,160.7142857,98058,-0.43533365216791636,1,0,1,0,1,0,1,1,0,1
295000,3,2.0,1400,7384,1.0,0,3,7,1150,250,1979,0,210.7142857,98058,0.8091825299096641,2,0,1,0,1,0,1,1,0,1
370000,4,2.5,2130,4750,2.0,0,3,8,2130,0,2009,0,173.7089202,98058,-0.11189299385924446,1,1,1,2,2,2,1,1,1,2
326000,3,2.75,1720,28000,1.0,0,4,7,1720,0,1958,0,189.5348837,98058,0.2820203595951384,1,1,1,0,2,0,1,1,0,0
340000,3,2.75,1720,28000,1.0,0,4,7,1720,0,1958,0,197.6744186,98058,0.48461601754784284,1,1,1,0,2,0,1,1,0,0
265000,3,2.25,1750,9298,1.0,0,4,7,1410,340,1969,0,151.4285714,98058,-0.6664580863379002,0,1,1,0,1,0,1,1,0,0
525000,4,2.5,2840,4750,2.0,0,3,9,2840,0,2002,0,184.8591549,98058,0.16563995650301463,1,2,1,2,2,2,1,1,2,2
279000,4,2.0,1560,7569,1.5,0,4,7,1560,0,1966,0,178.8461538,98058,0.01597441306700887,1,0,1,2,1,1,1,1,0,0
320000,3,1.75,2000,9760,1.0,0,4,8,1400,600,1978,0,160.0,98058,-0.4531124544134487,1,1,1,0,0,0,1,1,1,1
299000,3,2.5,1850,4600,2.0,0,3,7,1850,0,2005,0,161.6216216,98058,-0.41274976796531804,1,1,1,0,2,2,1,1,0,2
435000,4,2.0,1960,50112,1.0,0,4,7,1050,910,1963,0,221.9387755,98058,1.0885637137429587,2,1,2,2,1,0,1,1,0,0
315000,3,1.75,1340,12800,1.0,0,3,7,880,460,1981,0,235.0746269,98058,1.4155193063962876,2,0,1,0,0,0,1,1,0,1
320000,4,2.75,2110,13260,1.0,0,4,7,1290,820,1979,0,151.6587678,98058,-0.6607284234407804,0,1,1,2,2,0,1,1,0,1
225000,3,1.0,990,8012,1.0,0,4,7,990,0,1966,0,227.2727273,98058,1.221327500333396,2,0,1,0,0,0,1,1,0,0
328000,4,1.75,1990,7194,1.0,0,4,8,1400,590,1978,0,164.8241206,98058,-0.3330385313935729,1,1,1,2,0,0,1,1,1,1
249950,3,1.0,1370,11658,1.0,0,4,6,1370,0,1958,0,182.4452555,98058,0.1055572191988676,1,0,1,0,0,0,1,1,0,0
475000,4,2.5,3740,8700,1.0,0,3,10,2260,1480,2004,0,127.0053476,98058,-1.2743600310899466,0,2,1,2,2,0,1,1,2,2
436500,4,2.5,2290,11173,2.0,0,4,8,2290,0,1988,0,190.6113537,98058,0.3088140462855595,1,1,1,2,2,2,1,1,1,2
358000,5,2.5,2390,8775,1.0,0,4,7,1270,1120,1980,0,149.790795,98058,-0.7072228709863956,0,1,1,2,2,0,1,1,0,1
300000,4,2.25,2080,7700,1.0,0,3,7,1450,630,1968,0,144.2307692,98058,-0.8456137126037726,0,1,1,2,1,0,1,1,0,0
325000,3,2.75,2200,7000,1.0,0,4,7,1280,920,1977,0,147.7272727,98058,-0.7585846088749549,0,1,1,0,2,0,1,1,0,1
348000,4,2.5,2720,7697,1.0,0,4,8,2120,600,1987,0,127.9411765,98058,-1.251066946895829,0,2,1,2,2,0,1,1,1,2
299000,2,1.75,1270,7800,1.0,0,4,7,890,380,1981,0,235.4330709,98058,1.4244410935636598,2,0,1,0,0,0,1,1,0,1
415000,3,1.75,2410,8944,1.0,0,4,8,1860,550,1967,0,172.1991701,98058,-0.14947116246610914,1,1,1,0,0,0,1,1,1,0
231000,4,2.0,1530,6375,2.0,0,3,7,1530,0,1942,1983,150.9803922,98058,-0.6776134116753117,0,0,1,2,1,2,1,2,0,0
258900,3,2.25,1400,10436,1.0,0,4,7,1040,360,1985,0,184.9285714,98058,0.16736775565407883,1,0,1,0,1,0,1,1,0,1
419950,3,1.75,1770,16909,1.0,0,5,8,1770,0,1977,0,237.259887,98058,1.469911137526257,2,1,1,0,0,0,1,1,1,1
190000,1,0.75,780,77603,1.0,0,1,5,780,0,1945,0,243.5897436,98058,1.6274633169048685,2,0,2,0,0,0,1,1,0,0
151600,2,1.0,1060,16988,1.0,0,3,6,1060,0,1954,0,143.0188679,98058,-0.8757783281823895,0,0,1,0,0,0,1,1,0,0
323000,4,2.75,1970,7213,1.0,0,3,8,1170,800,1977,0,163.9593909,98058,-0.35456193348903475,1,1,1,2,2,0,1,1,1,1
150000,2,1.0,790,7275,1.0,0,4,6,790,0,1944,0,189.8734177,98058,0.29044658041880766,1,0,1,0,0,0,1,1,0,0
371000,3,1.75,1970,9512,1.0,0,3,8,1970,0,1968,0,188.3248731,98058,0.25190280415143024,1,1,1,0,0,0,1,1,1,0
279950,3,1.75,1660,8303,1.0,0,3,7,1380,280,1974,0,168.6445783,98058,-0.23794610278171455,1,0,1,0,0,0,1,1,0,1
360000,3,2.5,2150,14092,2.0,0,3,8,2150,0,1991,0,167.4418605,98058,-0.2678821380731699,1,1,1,0,2,2,1,1,1,2
440000,4,2.5,2410,7517,2.0,0,3,8,2410,0,1983,0,182.5726141,98058,0.10872721597140271,1,1,1,2,2,2,1,1,1,1
432000,4,3.25,2820,13059,2.0,0,4,8,2820,0,1976,0,153.1914894,98058,-0.6225784867643837,0,2,1,2,2,2,1,1,1,1
335000,3,2.5,1940,4927,2.0,0,3,8,1940,0,2004,0,172.6804124,98058,-0.1374928858691047,1,1,1,0,2,2,1,1,1,2
349950,4,2.5,2000,5006,2.0,0,3,7,2000,0,2005,0,174.975,98058,-0.08037985788121353,1,1,1,2,2,2,1,1,0,2
333000,4,2.5,2100,7208,2.0,0,3,8,2100,0,1974,0,158.5714286,98058,-0.4886700589045135,1,1,1,2,2,2,1,1,1,1
420000,5,2.75,2540,27007,1.0,0,3,8,1520,1020,1980,2014,165.3543307,98058,-0.3198414304065534,1,2,1,2,2,0,1,2,1,1
336500,4,1.75,1760,7268,1.0,0,4,7,1080,680,1979,0,191.1931818,98058,0.3232959359983084,1,1,1,2,0,0,1,1,0,1
544800,5,2.75,3190,5857,2.0,0,3,9,3190,0,2004,0,170.7836991,98058,-0.18470269376133974,1,2,1,2,2,2,1,1,2,2
355000,4,2.5,1780,15000,2.0,0,2,7,1780,0,1993,0,199.4382022,98058,0.5285171621855042,2,1,1,2,2,2,1,1,0,2
180000,2,1.0,800,9450,1.0,0,3,6,800,0,1958,0,225.0,98058,1.1647585822874058,2,0,1,0,0,0,1,1,0,0
320000,4,1.75,1820,7381,1.0,0,5,7,1150,670,1962,0,175.8241758,98058,-0.05924359739063973,1,1,1,2,0,0,1,1,0,0
782000,4,3.5,5270,53428,2.0,0,3,10,3440,1830,2004,0,148.3870968,98058,-0.7421613734794592,0,2,2,2,2,2,1,1,2,2
239950,3,1.0,1140,8366,1.0,0,5,6,1140,0,1943,0,210.4824561,98058,0.8034122161359727,2,0,1,0,0,0,1,1,0,0
332000,3,2.25,2270,8876,1.0,0,3,7,1380,890,1977,0,146.2555066,98058,-0.795217343428619,0,1,1,0,1,0,1,1,0,1
360000,4,2.25,2470,8686,1.0,0,4,7,1270,1200,1974,0,145.7489879,98058,-0.8078247578021167,0,2,1,2,1,0,1,1,0,1
305100,3,2.0,1590,35988,1.0,0,4,8,1590,0,1974,0,191.8867925,98058,0.34056013080255215,1,0,1,0,1,0,1,1,1,1
279000,4,2.0,2200,7700,1.0,0,3,7,1100,1100,1979,0,126.8181818,98058,-1.2790186484265762,0,1,1,2,1,0,1,1,0,1
408000,3,1.75,1600,313672,1.0,0,4,7,1600,0,1960,0,255.0,98058,1.9114682915339543,2,0,2,0,0,0,1,1,0,0
345000,4,2.5,2331,3826,2.0,0,3,8,2331,0,2007,0,148.005148,98058,-0.7516682027259616,0,1,1,2,2,2,1,1,1,2
340000,3,2.5,2480,6112,2.0,0,3,7,2480,0,2004,0,137.0967742,98058,-1.0231811570109834,0,2,1,0,2,2,1,1,0,2
230000,3,1.0,1640,7187,1.0,0,3,7,1640,0,1966,0,140.2439024,98058,-0.9448481175715299,0,0,1,0,0,0,1,1,0,0
429000,3,2.0,1700,52826,1.0,0,3,7,1700,0,1991,0,252.3529412,98058,1.845582141303737,2,1,2,0,1,0,1,1,0,2
300000,4,2.25,1740,9613,2.0,0,5,8,1740,0,1989,0,172.4137931,98058,-0.1441291265351887,1,1,1,2,1,2,1,1,1,2
144000,3,1.0,980,6800,1.0,0,3,6,980,0,1946,0,146.9387755,98058,-0.7782105593734121,0,0,1,0,0,0,1,1,0,0
379000,4,2.75,2410,5225,2.0,0,3,8,2410,0,2001,0,157.2614108,98058,-0.5212768259227069,0,1,1,2,2,2,1,1,1,2
400000,5,2.75,2470,19200,1.0,0,5,8,1250,1220,1977,0,161.9433198,98058,-0.4047425956524131,1,2,1,2,2,0,1,1,1,1
317500,6,1.75,2540,8400,1.0,0,3,8,1340,1200,1977,0,125.0,98058,-1.324273781867755,0,2,1,2,0,0,1,1,1,1
329950,4,1.75,1740,7208,1.5,0,3,8,1740,0,1976,0,189.6264368,98058,0.2842991458845257,1,1,1,2,0,1,1,1,1,1
678500,4,3.0,2620,214750,2.0,0,3,8,2620,0,1992,0,258.9694656,98058,2.0102695750019595,2,2,2,2,2,2,1,1,1,2
420000,3,3.0,2700,47050,2.0,0,4,9,1570,1130,1986,0,155.5555556,98058,-0.5637361139363306,0,2,1,0,2,2,1,1,2,1
390000,3,2.25,2420,31497,1.0,0,4,8,1750,670,1964,0,161.1570248,98058,-0.4243137326801475,1,1,1,0,1,0,1,1,1,0
479950,4,2.25,2570,11070,2.0,0,4,8,2570,0,1966,0,186.7509728,98058,0.21272791630489532,1,2,1,2,1,2,1,1,1,0
392000,4,2.25,2360,7733,2.0,0,3,8,2360,0,1983,0,166.1016949,98058,-0.30123929359044355,1,1,1,2,1,2,1,1,1,1
475000,5,2.75,3080,6600,2.0,0,3,9,3080,0,2002,0,154.2207792,98058,-0.5969591305214353,0,2,1,2,2,2,1,1,2,2
296000,3,1.75,1360,10742,1.0,0,5,7,960,400,1971,0,217.6470588,98058,0.9817414961021069,2,0,1,0,0,0,1,1,0,1
349000,3,1.75,1740,7682,1.0,0,3,8,1330,410,1978,0,200.5747126,98058,0.5568052738634932,2,1,1,0,0,0,1,1,1,1
348000,4,2.5,2070,3808,2.0,0,3,8,2070,0,2003,0,168.115942,98058,-0.25110403137738735,1,1,1,2,2,2,1,1,1,2
246000,4,1.75,1720,7455,1.0,0,4,7,1020,700,1963,0,143.0232558,98058,-0.8756691119312833,0,1,1,2,0,0,1,1,0,0
299950,3,1.75,1980,11274,1.0,0,4,7,1480,500,1968,0,151.489899,98058,-0.6649316225257406,0,1,1,0,0,0,1,1,0,0
137124,3,1.0,960,27442,1.0,0,4,6,960,0,1970,0,142.8375,98058,-0.8802926339115781,0,0,1,0,0,0,1,1,0,0
311000,4,2.5,1780,5822,2.0,0,3,7,1780,0,2001,0,174.7191011,98058,-0.0867492643217307,1,1,1,2,2,2,1,1,0,2
275000,3,1.5,1240,9125,1.0,0,4,7,1240,0,1967,0,221.7741935,98058,1.084467214497385,2,0,1,0,0,0,1,1,0,0
397500,3,2.0,2130,8225,1.0,0,4,8,2130,0,1987,0,186.6197183,98058,0.20946094932048498,1,1,1,0,1,0,1,1,1,2
291600,3,1.75,1630,7480,1.0,0,3,7,1330,300,1979,0,178.8957055,98058,0.01720777091699782,1,0,1,0,0,0,1,1,0,1
439000,4,2.5,2690,9551,2.0,0,3,9,2690,0,1992,0,163.197026,98058,-0.3735374425829937,1,2,1,2,2,2,1,1,2,2
365000,4,2.5,2140,7350,2.0,0,3,8,2140,0,1985,0,170.5607477,98058,-0.19025202626367677,1,1,1,2,2,2,1,1,1,1
335000,4,2.75,2540,7210,1.0,0,4,7,1600,940,1979,0,131.8897638,98058,-1.1527853310719087,0,2,1,2,2,0,1,1,0,1
305000,3,1.75,1610,12247,1.0,0,3,8,1610,0,1981,0,189.4409938,98058,0.2796834095974656,1,0,1,0,0,0,1,1,1,1
325000,4,2.0,1780,10622,1.0,0,4,7,900,880,1976,0,182.5842697,98058,0.10901732762763877,1,1,1,2,1,0,1,1,0,1
485000,4,3.0,3110,18843,2.0,0,3,9,3110,0,1995,0,155.9485531,98058,-0.5539542789710098,0,2,1,2,2,2,1,1,2,2
254000,3,1.0,1160,7560,1.0,0,4,6,1160,0,1958,0,218.9655172,98058,1.014558352386029,2,0,1,0,0,0,1,1,0,0
260000,4,2.5,2110,8990,2.0,0,3,8,2110,0,1977,0,123.2227488,98058,-1.368510139428091,0,1,1,2,2,2,1,1,1,1
312500,4,2.5,2500,11983,1.0,0,3,7,1320,1180,1984,2008,125.0,98058,-1.324273781867755,0,2,1,2,2,0,1,2,0,1
290000,3,2.5,2020,4861,2.0,0,3,7,2020,0,2005,0,143.5643564,98058,-0.862200942874645,0,1,1,0,2,2,1,1,0,2
348000,3,1.75,1720,8867,1.0,0,3,8,1320,400,1985,0,202.3255814,98058,0.6003849649493884,2,1,1,0,0,0,1,1,1,1
230000,2,1.0,1080,9435,1.0,0,3,6,1080,0,1958,0,212.962963,98058,0.8651528356720745,2,0,1,0,0,0,1,1,0,0
343888,4,2.5,2060,5607,2.0,0,3,7,2060,0,2002,0,166.9359223,98058,-0.280475103613794,1,1,1,2,2,2,1,1,0,2
95000,2,1.0,1070,20450,1.0,0,2,6,1070,0,1948,0,88.78504673,98058,-2.2256756894217227,0,0,1,0,0,0,1,1,0,0
362500,3,2.0,1940,40588,1.0,0,3,7,1940,0,2000,0,186.8556701,98058,0.21533386598629187,1,1,1,0,1,0,1,1,0,2
278000,3,2.25,1590,9425,1.0,0,3,7,1170,420,1985,0,174.8427673,98058,-0.0836711725802098,1,0,1,0,1,0,1,1,0,1
375000,5,3.0,2680,8410,2.0,0,3,8,1810,870,1990,0,139.9253731,98058,-0.9527764149378466,0,2,1,2,2,2,1,1,1,2
317000,3,1.75,1530,7650,1.0,0,4,8,1530,0,1977,0,207.1895425,98058,0.7214505309083054,2,0,1,0,0,0,1,1,1,1
495000,4,2.5,2400,11640,1.0,0,5,8,1800,600,1968,0,206.25,98058,0.6980650140083132,2,1,1,2,2,0,1,1,1,0
316000,5,2.5,2600,4641,2.0,0,3,7,2600,0,2005,0,121.5384615,98058,-1.4104325954304462,0,2,1,2,2,2,1,1,0,2
460000,4,2.5,2620,8331,2.0,0,3,9,2620,0,1991,0,175.5725191,98058,-0.0655074141002049,1,2,1,2,2,2,1,1,2,2
390000,3,2.25,1820,7420,2.0,0,4,8,1820,0,1983,0,214.2857143,98058,0.8980765436263575,2,1,1,0,1,2,1,1,1,1
215000,3,1.0,1060,7900,1.0,0,3,7,1060,0,1961,2001,202.8301887,98058,0.6129448039582781,2,0,1,0,0,0,1,2,0,0
315000,3,2.0,1500,7828,1.0,0,4,7,1500,0,1967,0,210.0,98058,0.7914037276641317,2,0,1,0,1,0,1,1,0,0
300000,3,1.75,1210,7000,1.0,0,3,7,1210,0,1975,0,247.9338843,98058,1.7355903848723049,2,0,1,0,0,0,1,1,0,1
378000,3,2.5,2130,8404,2.0,0,3,8,2130,0,1991,0,177.4647887,98058,-0.018408211339134988,1,1,1,0,2,2,1,1,1,2
229950,3,2.0,1410,7466,1.0,0,3,7,1410,0,1983,0,163.0851064,98058,-0.37632315764882657,1,0,1,0,1,0,1,1,0,1
260000,4,1.0,1740,8100,1.0,0,4,7,1020,720,1962,0,149.4252874,98058,-0.7163204734438424,0,1,1,2,0,0,1,1,0,0
270000,3,2.25,1500,7410,1.0,0,4,7,1500,0,1973,0,180.0,98058,0.044694018417583456,1,0,1,0,1,0,1,1,0,1
379900,3,2.0,3110,44967,2.0,0,3,9,3020,90,1999,0,122.1543408,98058,-1.395103160329314,0,2,1,0,1,2,1,1,2,2
230000,2,1.0,800,17965,1.0,0,4,5,800,0,1942,0,287.5,98058,2.7204038098843815,2,0,1,0,0,0,1,1,0,0
387500,4,2.5,3190,9856,2.0,0,3,8,3190,0,1979,0,121.4733542,98058,-1.4120531371988736,0,2,1,2,2,2,1,1,1,1
460000,5,2.5,3390,9760,1.0,0,5,8,1750,1640,1978,0,135.6932153,98058,-1.058116192281964,0,2,1,2,2,0,1,1,1,1
395000,4,2.75,2640,35070,1.5,0,3,8,2640,0,1963,0,149.6212121,98058,-0.7114438442514683,0,2,1,2,2,1,1,1,1,0
400000,6,2.5,3060,17112,1.0,0,4,8,1530,1530,1967,0,130.7189542,98058,-1.1819271609385438,0,2,1,2,2,0,1,1,1,0
289000,4,2.25,1930,8925,1.0,0,4,8,1930,0,1974,0,149.7409326,98058,-0.7084639622599399,0,1,1,2,1,0,1,1,1,1
289900,3,1.75,1220,7004,1.0,0,5,7,1220,0,1966,0,237.6229508,98058,1.478947913010789,2,0,1,0,0,0,1,1,0,0
335500,5,3.0,2240,19090,1.0,0,4,8,1700,540,1968,0,149.7767857,98058,-0.7075715669973871,0,1,1,2,2,0,1,1,1,0
374900,3,2.5,2480,4950,2.0,0,3,7,2480,0,2004,0,151.1693548,98058,-0.6729100714051628,0,2,1,0,2,2,1,1,0,2
455000,4,1.75,2050,94525,1.0,0,4,7,1250,800,1959,0,221.9512195,98058,1.0888734489303546,2,1,2,2,0,0,1,1,0,0
319950,4,1.75,2310,8045,1.0,0,4,7,1650,660,1976,0,138.5064935,98058,-0.9880927873902419,0,1,1,2,0,0,1,1,0,1
320000,4,1.5,2020,8474,1.0,0,5,7,1010,1010,1962,0,158.4158416,98058,-0.49254266968893146,1,1,1,2,0,0,1,1,0,0
400000,6,2.0,2320,210830,2.0,0,4,8,2320,0,1962,0,172.4137931,98058,-0.1441291265351887,1,1,2,2,1,2,1,1,1,0
400000,3,2.5,2080,7877,2.0,0,3,9,2080,0,1987,0,192.3076923,98058,0.3510364630452165,1,1,1,0,2,2,1,1,2,2
525000,4,2.5,3670,9958,2.0,0,3,10,3670,0,2005,0,143.0517711,98058,-0.874959356885547,0,2,1,2,2,2,1,1,2,2
225000,3,1.0,1410,7700,1.0,0,3,7,980,430,1962,0,159.5744681,98058,-0.4637040811242534,1,0,1,0,0,0,1,1,0,0
255000,3,1.5,1060,9039,1.0,0,3,7,1060,0,1973,2013,240.5660377,98058,1.5522022984569999,2,0,1,0,0,0,1,2,0,1
215000,5,1.5,1980,7958,1.5,0,3,7,1980,0,1962,0,108.5858586,98058,-1.7328270736119462,0,1,1,2,0,1,1,1,0,0
162248,2,1.0,800,8960,1.0,0,4,6,800,0,1944,0,202.81,98058,0.6124423006813757,2,0,1,0,0,0,1,1,0,0
380000,3,2.5,2390,8102,2.0,0,4,8,2390,0,1986,0,158.9958159,98058,-0.47810692165814905,1,1,1,0,2,2,1,1,1,1
344950,3,1.75,1870,7500,1.0,0,5,8,1320,550,1978,0,184.4652406,98058,0.15583530208897922,1,1,1,0,0,0,1,1,1,1
325000,3,2.25,2480,8755,2.0,0,3,8,2480,0,1979,0,131.0483871,98058,-1.173727469439369,0,2,1,0,1,2,1,1,1,1
412000,3,2.5,2210,7000,2.0,0,4,8,2210,0,1985,0,186.4253394,98058,0.2046227955903968,1,1,1,0,2,2,1,1,1,1
290000,4,2.5,2050,9015,2.0,0,4,7,2050,0,1973,0,141.4634146,98058,-0.9144940642287093,0,1,1,2,2,2,1,1,0,1
449950,4,2.25,3490,8400,1.5,0,4,8,3490,0,1976,0,128.9255014,98058,-1.226566781566391,0,2,1,2,1,1,1,1,1,1
360000,4,3.0,2580,6740,2.0,0,3,8,2580,0,1999,0,139.5348837,98058,-0.962495822482442,0,2,1,2,2,2,1,1,1,2
320000,3,1.75,1510,30185,1.5,0,3,7,1510,0,1976,0,211.9205298,98058,0.8392063359493761,2,0,1,0,0,1,1,1,0,1
291970,1,1.0,680,21727,1.0,0,3,5,680,0,1952,1995,429.3676471,98058,6.251535460468812,2,0,1,0,0,0,1,2,0,0
315000,4,2.25,1880,9163,2.0,0,3,8,1880,0,1981,0,167.5531915,98058,-0.26511107345183216,1,1,1,2,1,2,1,1,1,1
335000,5,3.0,2660,7700,1.5,0,4,7,1670,990,1962,0,125.9398496,98058,-1.3008806211493722,0,2,1,2,2,1,1,1,0,0
302200,4,1.5,1730,10396,1.0,0,3,7,1730,0,1964,0,174.6820809,98058,-0.0876707090810057,1,1,1,2,0,0,1,1,0,0
374950,4,1.75,1660,8160,1.0,0,3,8,1660,0,1974,0,225.873494,98058,1.1865001306463592,2,0,1,2,0,0,1,1,1,1
317000,3,2.0,1790,8228,1.0,0,3,7,1390,400,1980,0,177.0949721,98058,-0.0276130662011534,1,1,1,0,1,0,1,1,0,1
242500,3,1.0,940,7380,1.0,0,3,6,940,0,1959,0,257.9787234,98058,1.9856096809986166,2,0,1,0,0,0,1,1,0,0
330000,4,2.25,2430,7490,2.0,0,3,8,2430,0,1983,0,135.8024691,98058,-1.0553968298408944,0,2,1,2,1,2,1,1,1,1
255000,3,1.5,1240,8528,1.0,0,4,7,1240,0,1967,0,205.6451613,98058,0.6830103830143782,2,0,1,0,0,0,1,1,0,0
365000,3,2.25,2290,7350,2.0,0,3,8,2290,0,1988,0,159.3886463,98058,-0.4683292458659087,1,1,1,0,1,2,1,1,1,2
438800,4,2.5,2770,4432,2.0,0,3,9,2770,0,2004,0,158.4115523,98058,-0.49264943175412673,1,2,1,2,2,2,1,1,2,2
600000,4,3.5,4300,70407,2.0,0,3,10,2710,1590,1992,0,139.5348837,98058,-0.962495822482442,0,2,2,2,2,2,1,1,2,2
381000,4,2.5,2130,6003,2.0,0,3,8,2130,0,2003,0,178.8732394,98058,0.01664858241703429,1,1,1,2,2,2,1,1,1,2
252500,2,1.5,1280,8710,1.0,0,3,7,1280,0,1967,0,197.265625,98058,0.474441012541248,1,0,1,0,0,0,1,1,0,0
380000,4,2.25,1860,7980,1.0,0,4,8,1860,0,1966,0,204.3010753,98058,0.6495556474722995,2,1,1,2,1,0,1,1,1,0
363000,4,3.0,2250,12142,2.0,0,3,8,2250,0,1986,0,161.3333333,98058,-0.4199253570543909,1,1,1,2,2,2,1,1,1,1
260000,3,2.5,1850,7875,1.0,0,3,7,1250,600,1968,0,140.5405405,98058,-0.937464699258115,0,1,1,0,2,0,1,1,0,0
384200,3,2.5,2430,7613,2.0,0,4,8,2430,0,1986,0,158.1069959,98058,-0.5002299391172332,0,2,1,0,2,2,1,1,1,1
230000,3,1.0,1020,12289,1.0,0,4,7,1020,0,1967,0,225.4901961,98058,1.176959721864232,2,0,1,0,0,0,1,1,0,0
249000,4,2.0,1280,7560,1.0,0,5,6,1280,0,1959,0,194.53125,98058,0.40638153383388026,1,0,1,2,1,0,1,1,0,0
716500,5,2.75,3630,38461,2.0,0,3,11,3630,0,2000,0,197.3829201,98058,0.4773605255418163,1,2,1,2,2,2,1,1,2,2
450000,5,2.5,2850,209523,1.0,0,4,7,1930,920,1925,1968,157.8947368,98058,-0.5055131368120972,0,2,2,2,2,0,1,2,0,0
280000,3,1.75,1360,6603,1.0,0,4,7,1360,0,1981,0,205.8823529,98058,0.6889141587034353,2,0,1,0,0,0,1,1,0,1
479950,3,2.5,2780,6000,2.0,0,3,9,2780,0,2004,0,172.6438849,98058,-0.1384020671659216,1,2,1,0,2,2,1,1,2,2
315000,3,2.25,1530,7906,1.0,0,3,7,1150,380,1980,0,205.8823529,98058,0.6889141587034353,2,0,1,0,1,0,1,1,0,1
300000,5,2.5,2093,10350,1.5,0,5,7,2093,0,1963,0,143.3349259,98058,-0.8679115422728881,0,1,1,2,2,1,1,1,0,0
325000,4,2.5,2280,9899,2.0,0,3,8,2280,0,1987,0,142.5438596,98058,-0.8876014385018132,0,1,1,2,2,2,1,1,1,2
199000,2,1.0,720,7200,1.0,0,5,6,720,0,1943,0,276.3888889,98058,2.4438446585881444,2,0,1,0,0,0,1,1,0,0
435000,4,2.5,2940,7590,2.0,0,3,9,2940,0,1991,0,147.9591837,98058,-0.7528122690289184,0,2,1,2,2,2,1,1,2,2
838000,3,3.75,2930,150945,2.0,0,3,8,2930,0,1972,2000,286.0068259,98058,2.6832382232821996,2,2,2,0,2,2,1,2,1,1
197000,4,2.25,1790,13200,1.0,0,3,7,1220,570,1979,0,110.0558659,98058,-1.6962381161595026,0,1,1,2,1,0,1,1,0,1
339950,3,2.25,1630,12295,2.0,0,4,7,1630,0,1985,0,208.5582822,98058,0.7555189050223462,2,0,1,0,1,2,1,1,0,1
590000,4,3.5,3450,6873,2.0,0,3,10,2750,700,2004,0,171.0144928,98058,-0.17895816387390878,1,2,1,2,2,2,1,1,2,2
600000,5,3.25,4410,58157,2.0,0,4,9,2330,2080,2001,0,136.0544218,98058,-1.0491256455955316,0,2,2,2,2,2,1,1,2,2
442500,3,1.75,1800,10200,1.0,0,3,8,1800,0,1967,0,245.8333333,98058,1.6833069906567202,2,1,1,0,0,0,1,1,1,0
412950,4,2.5,2430,6796,2.0,0,3,8,2430,0,1993,0,169.9382716,98058,-0.20574565785180762,1,2,1,2,2,2,1,1,1,2
300000,4,2.0,2050,8750,1.0,0,3,7,1300,750,1967,0,146.3414634,98058,-0.7930778508574264,0,1,1,2,1,0,1,1,0,0
275000,3,1.75,1290,9760,1.0,0,3,7,1290,0,1979,0,213.1782946,98058,0.8705125088863273,2,0,1,0,0,0,1,1,0,1
347000,3,1.75,1330,7848,1.0,0,3,8,1330,0,1978,0,260.9022556,98058,2.058377343633114,2,0,1,0,0,0,1,1,1,1
280000,3,1.75,1230,8250,1.0,0,3,7,1230,0,1966,0,227.6422764,98058,1.2305256970338394,2,0,1,0,0,0,1,1,0,0
346000,4,2.5,2100,3916,2.0,0,3,8,2100,0,2009,0,164.7619048,98058,-0.33458710279119075,1,1,1,2,2,2,1,1,1,2
380000,3,2.5,2150,25705,1.5,0,3,6,2150,0,1980,2009,176.744186,98058,-0.036344245759110924,1,1,1,0,2,1,1,2,0,1
330000,4,2.5,1940,3784,2.0,0,3,8,1940,0,2003,0,170.1030928,98058,-0.20164320484081857,1,1,1,2,2,2,1,1,1,2
165000,3,1.0,1010,7690,1.0,0,4,6,1010,0,1958,0,163.3663366,98058,-0.369323246953048,1,0,1,0,0,0,1,1,0,0
255000,3,1.0,1010,7690,1.0,0,4,6,1010,0,1958,0,252.4752475,98058,1.8486263846941375,2,0,1,0,0,0,1,1,0,0
333000,4,1.75,1880,9880,1.0,0,4,8,1880,0,1967,0,177.1276596,98058,-0.026799463747120677,1,1,1,2,0,0,1,1,1,0
335000,4,2.5,1750,8476,1.0,0,4,7,1240,510,1983,0,191.4285714,98058,0.3291548593241643,1,1,1,2,2,0,1,1,0,1
405000,6,2.0,2800,29985,1.0,0,5,7,1400,1400,1954,0,144.6428571,98058,-0.8353567114040056,0,2,1,2,1,0,1,1,0,0
189000,3,1.0,1010,7560,1.0,0,3,6,1010,0,1958,0,187.1287129,98058,0.22212998964628766,1,0,1,0,0,0,1,1,0,0
327000,3,2.5,1810,7350,1.0,0,3,8,1310,500,1984,0,180.6629834,98058,0.061195889812559766,1,1,1,0,2,0,1,1,1,1
419000,4,2.5,2690,7947,2.0,0,3,8,2690,0,1993,0,155.7620818,98058,-0.5585956099778705,0,2,1,2,2,2,1,1,1,2
392000,4,2.5,2600,8921,2.0,0,3,8,2600,0,1991,0,150.7692308,98058,-0.6828692872619151,0,2,1,2,2,2,1,1,1,2
380000,4,2.5,1940,3200,2.0,0,3,8,1940,0,2004,0,195.8762887,98058,0.43985998238729224,1,1,1,2,2,2,1,1,1,2
365000,3,2.25,2860,8458,2.0,0,3,7,2860,0,1983,0,127.6223776,98058,-1.2590019546934,0,2,1,0,1,2,1,1,0,1
405000,4,2.5,2090,6667,2.0,0,3,8,2090,0,1997,0,193.7799043,98058,0.3876802961941921,1,1,1,2,2,2,1,1,1,2
385000,3,2.5,2230,8296,2.0,0,3,7,2230,0,2004,0,172.6457399,98058,-0.13835589561556638,1,1,1,0,2,2,1,1,0,2
368750,3,2.5,2230,5717,2.0,0,3,7,2230,0,2004,0,165.3587444,98058,-0.3197315719850963,1,1,1,0,2,2,1,1,0,2
316500,3,2.5,1770,3873,2.0,0,3,7,1770,0,2005,0,178.8135593,98058,0.015163125413074626,1,1,1,0,2,2,1,1,0,2
200000,2,0.75,780,55764,1.0,0,4,4,780,0,1945,0,256.4102564,98058,1.9465700297475232,2,0,2,0,0,0,1,1,0,0
360000,5,2.5,2880,6902,1.0,0,3,8,1680,1200,1976,2007,125.0,98058,-1.324273781867755,0,2,1,2,2,0,1,2,1,1
345000,3,1.75,1860,7191,1.0,0,4,7,1260,600,1975,0,185.483871,98058,0.18118934241610257,1,1,1,0,0,0,1,1,0,1
345000,4,2.25,2320,7350,2.0,0,3,8,2320,0,1973,0,148.7068966,98058,-0.7342014529569558,0,1,1,2,1,2,1,1,1,1
370000,4,2.5,2570,7753,2.0,0,3,8,2570,0,1987,0,143.9688716,98058,-0.8521324286287182,0,2,1,2,2,2,1,1,1,2
330490,3,2.75,1440,7350,1.0,0,4,7,1040,400,1980,0,229.5069444,98058,1.2769378870378847,2,0,1,0,2,0,1,1,0,1
358000,4,2.75,2580,11900,1.0,0,4,7,1620,960,1967,0,138.7596899,98058,-0.9817906470493659,0,2,1,2,2,0,1,1,0,0
190000,3,1.75,1390,7700,1.0,0,5,7,1390,0,1965,0,136.6906475,98058,-1.0332897820134586,0,0,1,0,0,0,1,1,0,0
319000,4,3.25,2360,8344,2.0,0,3,8,2360,0,1990,0,135.1694915,98058,-1.071151847162747,0,1,1,2,2,2,1,1,1,2
568000,3,2.5,2740,22499,2.0,0,3,9,2740,0,1994,0,207.2992701,98058,0.7241816863847165,2,2,1,0,2,2,1,1,2,2
680000,4,2.75,3620,35429,2.0,0,3,10,3620,0,2006,0,187.8453039,98058,0.23996617155491062,1,2,1,2,2,2,1,1,2,2
395000,4,2.5,2250,6840,2.0,0,3,9,2250,0,1987,0,175.5555556,98058,-0.06592964110529843,1,1,1,2,2,2,1,1,2,2
459000,4,2.75,2790,6600,2.0,0,3,9,2790,0,2000,0,164.516129,98058,-0.3407045419964517,1,2,1,2,2,2,1,1,2,2
312000,4,1.0,1730,8706,1.0,0,4,7,1010,720,1962,0,180.3468208,98058,0.053326500375205026,1,1,1,2,0,0,1,1,0,0
267000,3,1.5,1090,8160,1.0,0,3,7,1090,0,1967,2014,244.9541284,98058,1.6614232961484823,2,0,1,0,0,0,1,2,0,0
322000,4,1.0,1750,68841,1.0,0,3,7,1750,0,1942,0,184.0,98058,0.14425531298378988,1,1,2,2,0,0,1,1,0,0
480000,3,2.5,2450,28185,2.0,0,3,9,2450,0,1990,0,195.9183673,98058,0.4409073323596755,1,2,1,0,2,2,1,1,2,2
356000,3,2.25,2280,8765,2.0,0,3,8,2280,0,1977,0,156.1403509,98058,-0.5491803696552725,0,1,1,0,1,2,1,1,1,1
400000,4,2.5,2150,5397,2.0,0,3,8,2150,0,1998,0,186.0465116,98058,0.19519364904397957,1,1,1,2,2,2,1,1,1,2
342000,3,1.75,1780,10409,1.0,0,3,7,1280,500,1981,0,192.1348315,98058,0.3467339017882784,1,1,1,0,0,0,1,1,0,1
330000,4,2.5,2080,7000,1.0,0,4,8,1400,680,1989,0,158.6538462,98058,-0.4866186581667532,1,1,1,2,2,0,1,1,1,2
440000,4,2.5,2880,8061,2.0,0,3,9,2880,0,1988,0,152.7777778,98058,-0.6328759023826477,0,2,1,2,2,2,1,1,2,2
362000,3,2.5,2310,7485,2.0,0,3,8,2310,0,1986,0,156.7099567,98058,-0.5350026969451674,0,1,1,0,2,2,1,1,1,1
427500,4,2.5,2460,5091,2.0,0,3,9,2460,0,2003,0,173.7804878,98058,-0.11011165313299513,1,2,1,2,2,2,1,1,2,2
325000,4,2.25,1920,11603,2.0,0,4,7,1920,0,1967,0,169.2708333,98058,-0.222358413149575,1,1,1,2,1,2,1,1,0,0
475000,3,1.75,2270,13000,1.0,0,5,8,2270,0,1968,0,209.2511013,98058,0.7727633966463942,2,1,1,0,0,0,1,1,1,0
252500,3,2.0,1810,10684,2.0,0,3,8,1810,0,1987,0,139.5027624,98058,-0.9632953320352294,0,1,1,0,1,2,1,1,1,2
329950,3,1.0,1000,9170,1.0,0,3,7,1000,0,1980,0,329.95,98058,3.776998048468247,2,0,1,0,0,0,1,1,0,1
500000,3,2.5,2760,35171,2.0,0,3,9,2760,0,1990,0,181.1594203,98058,0.07355236492116815,1,2,1,0,2,2,1,1,2,2
323000,3,2.0,1830,6925,1.0,0,4,8,1830,0,1979,0,176.5027322,98058,-0.04235410898559381,1,1,1,0,1,0,1,1,1,1
260000,4,1.75,1360,7700,1.0,0,4,7,1360,0,1966,0,191.1764706,98058,0.32287998882186963,1,0,1,2,0,0,1,1,0,0
390000,3,1.75,1435,8960,1.0,0,4,8,1435,0,1969,0,271.7770035,98058,2.329053338384398,2,0,1,0,0,0,1,1,1,0
414000,5,3.0,3045,5030,2.0,0,3,8,3045,0,1999,0,135.9605911,98058,-1.0514611220860453,0,2,1,2,2,2,1,1,1,2
249500,3,1.0,1180,7200,1.0,0,4,7,1180,0,1968,0,211.440678,98058,0.8272626693473948,2,0,1,0,0,0,1,1,0,0
225000,2,1.0,1030,9192,1.0,0,4,6,1030,0,1959,0,218.4466019,98058,1.0016423826264762,2,0,1,0,0,0,1,1,0,0
419625,4,2.5,2680,11590,2.0,0,4,9,2680,0,1988,0,156.5764925,98058,-0.5383246640777279,0,2,1,2,2,2,1,1,2,2
223000,2,1.0,910,9869,1.0,0,3,6,910,0,1957,0,245.0549451,98058,1.6639326564399555,2,0,1,0,0,0,1,1,0,0
310000,5,2.0,2730,7344,1.0,0,5,7,1510,1220,1962,0,113.5531136,98058,-1.6091904890518305,0,2,1,2,1,0,1,1,0,0
249000,3,1.5,1180,11579,1.0,0,4,7,1180,0,1962,0,211.0169492,98058,0.8167159223791487,2,0,1,0,0,0,1,1,0,0
256500,5,2.5,1960,7350,1.0,0,4,7,1360,600,1969,0,130.8673469,98058,-1.1782336186095006,0,1,1,2,2,0,1,1,0,0
225000,2,1.0,910,9612,1.0,0,4,7,910,0,1981,0,247.2527473,98058,1.71863666449807,2,0,1,0,0,0,1,1,0,1
250000,3,1.0,1460,10914,1.0,0,4,7,1460,0,1959,0,171.2328767,98058,-0.17352251792480472,1,0,1,0,0,0,1,1,0,0
305000,4,1.0,2100,9288,1.0,0,4,7,1050,1050,1968,0,145.2380952,98058,-0.8205410424512228,0,1,1,2,0,0,1,1,0,0
570000,3,2.5,3150,20189,2.0,0,3,10,3150,0,1990,0,180.952381,98058,0.06839908973764808,1,2,1,0,2,2,1,1,2,2
420000,4,2.75,2400,20000,1.0,0,3,8,1170,1230,1961,2015,175.0,98058,-0.07975759979017459,1,1,1,2,2,0,1,2,1,0
455000,4,2.5,2710,6558,2.0,0,3,9,2710,0,1997,0,167.896679,98058,-0.25656155841000444,1,2,1,2,2,2,1,1,2,2
386000,4,2.25,2810,8560,1.0,0,3,8,1610,1200,1979,0,137.366548,98058,-1.0164663998189725,0,2,1,2,1,0,1,1,1,1
386000,3,2.0,2120,7560,1.0,0,3,9,2120,0,1991,0,182.0754717,98058,0.09635318073946497,1,1,1,0,1,0,1,1,2,2
610000,3,2.5,2910,12283,2.0,2,3,10,2910,0,1993,0,209.6219931,98058,0.781995013584392,2,2,1,0,2,2,2,1,2,2
265000,4,2.25,2300,9100,1.0,0,3,7,1280,1020,1977,0,115.2173913,98058,-1.5677660784694134,0,1,1,2,1,0,1,1,0,1
284000,3,1.5,1500,10018,1.0,0,4,7,1500,0,1957,0,189.3333333,98058,0.2770037049090542,1,0,1,0,0,0,1,1,0,0
350000,4,1.75,1770,7336,1.0,0,4,8,1770,0,1986,0,197.740113,98058,0.4862511724252807,1,1,1,2,0,0,1,1,1,1
165000,3,1.0,970,7503,1.0,0,4,6,970,0,1967,0,170.1030928,98058,-0.20164320484081857,1,0,1,0,0,0,1,1,0,0
295000,4,2.5,2290,4539,2.0,0,3,7,2290,0,2001,0,128.8209607,98058,-1.2291688334231055,0,1,1,2,2,2,1,1,0,2
297950,3,2.0,1240,10800,1.0,0,3,7,1240,0,1967,2010,240.2822581,98058,1.5451389323701297,2,0,1,0,1,0,1,2,0,0
220000,3,1.75,1230,8917,1.0,0,4,7,1230,0,1966,0,178.8617886,98058,0.01636356829908018,1,0,1,0,0,0,1,1,0,0
206325,5,2.5,1720,10202,1.5,0,3,7,1720,0,1970,0,119.9563953,98058,-1.449810735170806,0,1,1,2,2,1,1,1,0,0
339000,5,2.5,1720,10202,1.5,0,3,7,1720,0,1970,0,197.0930233,98058,0.47014490036716594,1,1,1,2,2,1,1,1,0,0
370000,4,3.0,2580,5511,2.0,0,3,8,2580,0,1999,0,143.4108527,98058,-0.8660216996478209,0,2,1,2,2,2,1,1,1,2
364950,4,2.5,2070,2992,2.0,0,3,8,2070,0,2002,0,176.3043478,98058,-0.047291960907029064,1,1,1,2,2,2,1,1,1,2
633000,5,2.75,3630,30570,2.0,0,3,11,3630,0,2000,0,174.3801653,98058,-0.09518548607743896,1,2,1,2,2,2,1,1,2,2
349950,4,2.0,1764,15600,1.0,0,5,7,1764,0,1942,0,198.3843537,98058,0.5022865319513401,2,1,1,2,1,0,1,1,0,0
445000,4,2.5,2790,8111,2.0,0,3,9,2480,310,2004,0,159.4982079,98058,-0.4656022221832223,1,2,1,2,2,2,1,1,2,2
345000,4,2.75,2250,7412,1.0,0,4,8,1480,770,1975,0,153.3333333,98058,-0.6190479461868038,0,1,1,2,2,0,1,1,1,1
390000,4,2.5,1940,3864,2.0,0,3,8,1940,0,2003,0,201.0309278,98058,0.5681606178416885,2,1,1,2,2,2,1,1,1,2
440000,3,2.5,2290,6302,2.0,0,3,9,2290,0,1997,0,192.139738,98058,0.34685602616122574,1,1,1,0,2,2,1,1,2,2
372500,4,2.25,1920,9660,1.0,0,4,8,1920,0,1968,0,194.0104167,98058,0.39341782443358314,1,1,1,2,1,0,1,1,1,0
343500,3,2.5,1900,5194,2.0,0,3,7,1900,0,2004,0,180.7894737,98058,0.06434427431707673,1,1,1,0,2,2,1,1,0,2
271500,3,2.5,1490,8005,1.0,0,3,7,1090,400,1976,0,182.2147651,98058,0.09982023854659672,1,0,1,0,2,0,1,1,0,1
225000,3,2.5,2170,11745,1.0,0,4,7,1410,760,1967,0,103.6866359,98058,-1.8547703122069825,0,1,1,0,2,0,1,1,0,0
469900,4,2.5,2990,8913,2.0,0,4,9,2990,0,1991,0,157.1571906,98058,-0.5238709004306937,0,2,1,2,2,2,1,1,2,2
440000,4,2.5,2880,7386,2.0,0,4,9,2880,0,1987,0,152.7777778,98058,-0.6328759023826477,0,2,1,2,2,2,1,1,2,2
345000,3,2.5,1870,3584,2.0,0,3,8,1870,0,2003,0,184.4919786,98058,0.1565008195625076,1,1,1,0,2,2,1,1,1,2
255950,4,1.0,1500,11050,1.0,0,5,7,1500,0,1964,0,170.6333333,98058,-0.18844534718796066,1,0,1,2,0,0,1,1,0,0
252000,4,1.75,1120,8250,1.0,0,4,7,1120,0,1966,0,225.0,98058,1.1647585822874058,2,0,1,2,0,0,1,1,0,0
287000,3,1.0,1250,26862,1.0,0,3,7,1250,0,1965,0,229.6,98058,1.2792540710385432,2,0,1,0,0,0,1,1,0,0
325000,3,2.0,1570,5600,1.0,0,3,8,1570,0,1999,0,207.0063694,98058,0.7168912931668797,2,0,1,0,1,0,1,1,1,2
1140000,5,4.0,7320,217800,2.0,0,3,11,7320,0,1992,0,155.0887978,98058,-0.5753538666405488,0,2,2,2,2,2,1,1,2,2
430000,3,1.75,3440,10428,1.5,0,5,8,3440,0,1974,0,125.0,98058,-1.324273781867755,0,2,1,0,0,1,1,1,1,1
330000,4,2.0,1590,9100,1.0,0,3,7,1040,550,1967,2014,207.5471698,98058,0.7303519901483602,2,0,1,2,1,0,1,2,0,0
388000,4,2.5,2440,7155,2.0,0,3,8,2440,0,1993,0,159.0163934,98058,-0.477594741023415,1,2,1,2,2,2,1,1,1,2
306000,3,2.5,1680,11193,2.0,0,3,8,1680,0,1984,0,182.1428571,98058,0.09803042515417984,1,1,1,0,2,2,1,1,1,1
325000,4,2.5,1820,9161,1.0,0,4,7,1220,600,1975,0,178.5714286,98058,0.009136413926518728,1,1,1,2,2,0,1,1,0,1
329000,3,1.75,1980,7000,1.0,0,4,8,1360,620,1977,0,166.1616162,98058,-0.2997478330404214,1,1,1,0,0,0,1,1,1,1
313500,3,1.75,1610,7350,1.0,0,3,8,1610,0,1974,0,194.7204969,98058,0.41109195042304064,1,0,1,0,0,0,1,1,1,1
370000,5,2.5,2250,10400,1.0,0,3,8,1280,970,1973,0,164.4444444,98058,-0.3424887948905669,1,1,1,2,2,0,1,1,1,1
299000,5,2.5,2220,9360,1.0,0,4,7,1110,1110,1968,0,134.6846847,98058,-1.0832188453183722,0,1,1,2,2,0,1,1,0,0
352750,4,2.75,2270,24237,1.0,0,4,7,1360,910,1977,0,155.3964758,98058,-0.567695661643164,0,1,1,2,2,0,1,1,0,1
231750,3,1.0,1020,7615,1.0,0,3,7,1020,0,1981,0,227.2058824,98058,1.2196637091386087,2,0,1,0,0,0,1,1,0,1
280000,2,1.0,1150,12861,1.0,0,3,6,1150,0,1959,0,243.4782609,98058,1.6246884764214349,2,0,1,0,0,0,1,1,0,0
295000,3,1.75,2000,7560,1.0,0,4,7,1300,700,1968,0,147.5,98058,-0.7642414999328438,0,1,1,0,0,0,1,1,0,0
272500,3,2.0,1410,7622,1.0,0,4,7,1410,0,1983,0,193.2624113,98058,0.3747997279419546,1,0,1,0,1,0,1,1,0,1
400000,3,2.0,1860,12944,1.0,0,3,9,1860,0,2002,0,215.0537634,98058,0.9171935342979602,2,1,1,0,1,0,1,1,2,2
269950,3,2.5,1520,8720,1.0,0,3,7,1080,440,1981,0,177.5986842,98058,-0.015075509009987761,1,0,1,0,2,0,1,1,0,1
279950,3,2.25,1850,7480,2.0,0,3,7,1850,0,1978,0,151.3243243,98058,-0.6690528303955935,0,1,1,0,1,2,1,1,0,1
305000,3,1.0,1580,7424,1.0,0,3,7,1010,570,1962,0,193.0379747,98058,0.3692134283309454,1,0,1,0,0,0,1,1,0,0
315500,3,1.75,1870,8400,1.0,0,3,7,990,880,1977,0,168.7165775,98058,-0.23615401939178193,1,1,1,0,0,0,1,1,0,1
359900,5,2.25,2290,7420,1.0,0,3,7,1290,1000,1973,0,157.1615721,98058,-0.5237618434776584,0,1,1,2,1,0,1,1,0,1
432500,3,3.0,2500,6000,2.0,0,3,8,2500,0,2012,0,173.0,98058,-0.12953824707327782,1,2,1,0,2,2,1,1,1,2
551000,5,3.75,3090,4943,2.0,0,3,10,3090,0,2010,0,178.3171521,98058,0.0028073895470776527,1,2,1,2,2,2,1,1,2,2
390000,4,2.5,2154,4153,2.0,0,3,9,2154,0,2012,0,181.0584958,98058,0.07104032145280662,1,1,1,2,2,2,1,1,2,2
460000,3,2.5,2390,47480,2.0,0,3,9,2390,0,2007,0,192.4686192,98058,0.3550419856688479,1,1,1,0,2,2,1,1,2,2
603000,4,3.5,3610,6345,2.0,0,3,9,2370,1240,2008,0,167.0360111,98058,-0.27798386098889927,1,2,1,2,2,2,1,1,2,2
479950,3,2.0,2260,7163,1.0,0,3,9,2260,0,2012,0,212.3672566,98058,0.8503255105807306,2,1,1,0,1,0,1,1,2,2
465000,3,1.0,1150,18200,1.0,0,5,7,1150,0,1959,0,404.3478261,98058,5.628784018325123,2,0,1,0,0,0,1,1,0,0
295000,3,2.0,1230,3405,1.0,0,3,7,1230,0,2010,0,239.8373984,98058,1.5340662304620463,2,0,1,0,1,0,1,1,0,2
529000,3,1.75,2340,7724,1.0,0,3,10,2340,0,2010,0,226.0683761,98058,1.1913508091873044,2,1,1,0,0,0,1,1,2,2
